---------------------------
--    CATEGORY     	 --
---------------------------
INSERT INTO CATEGORY (CATEGORY_ID, CATEGORY_NAME) VALUES (1,'Java EE');
INSERT INTO CATEGORY (CATEGORY_ID, CATEGORY_NAME) VALUES (2,'.NET');
INSERT INTO CATEGORY (CATEGORY_ID, CATEGORY_NAME) VALUES (3,'PHP');
INSERT INTO CATEGORY (CATEGORY_ID, CATEGORY_NAME) VALUES (4,'C#');
INSERT INTO CATEGORY (CATEGORY_ID, CATEGORY_NAME) VALUES (5,'SGBD');
INSERT INTO CATEGORY (CATEGORY_ID, CATEGORY_NAME) VALUES (6,'Conception');
INSERT INTO CATEGORY (CATEGORY_ID, CATEGORY_NAME) VALUES (7,'Qualité');
INSERT INTO CATEGORY (CATEGORY_ID, CATEGORY_NAME) VALUES (8,'AMOA');
INSERT INTO CATEGORY (CATEGORY_ID, CATEGORY_NAME) VALUES (9,'PMO');
-- SEQUENCE UPDATE   -- DROP SEQUENCE SEQCATEGORY;
CREATE SEQUENCE SEQCATEGORY MINVALUE 1 MAXVALUE 999999 INCREMENT BY 1 START WITH 10 NOCACHE;


-------------------
--    CONCEPT    --
-------------------
INSERT INTO CONCEPT (CONCEPT_ID, CATEGORY_ID, CONCEPT_NAME) VALUES (1,1,'IOC');
INSERT INTO CONCEPT (CONCEPT_ID, CATEGORY_ID, CONCEPT_NAME) VALUES (2,1,'ORM');
INSERT INTO CONCEPT (CONCEPT_ID, CATEGORY_ID, CONCEPT_NAME) VALUES (3,2,'IOC');
INSERT INTO CONCEPT (CONCEPT_ID, CATEGORY_ID, CONCEPT_NAME) VALUES (4,2,'ORM');
INSERT INTO CONCEPT (CONCEPT_ID, CATEGORY_ID, CONCEPT_NAME) VALUES (5,3,'ORM');
INSERT INTO CONCEPT (CONCEPT_ID, CATEGORY_ID, CONCEPT_NAME) VALUES (6,3,'IOC');
INSERT INTO CONCEPT (CONCEPT_ID, CATEGORY_ID, CONCEPT_NAME) VALUES (7,4,'IOC');
INSERT INTO CONCEPT (CONCEPT_ID, CATEGORY_ID, CONCEPT_NAME) VALUES (8,4,'ORM');
INSERT INTO CONCEPT (CONCEPT_ID, CATEGORY_ID, CONCEPT_NAME) VALUES (9,5,'SGBD');
INSERT INTO CONCEPT (CONCEPT_ID, CATEGORY_ID, CONCEPT_NAME) VALUES (10,1,'Tests Unitaires');
INSERT INTO CONCEPT (CONCEPT_ID, CATEGORY_ID, CONCEPT_NAME) VALUES (11,2,'Tests Unitaires');
INSERT INTO CONCEPT (CONCEPT_ID, CATEGORY_ID, CONCEPT_NAME) VALUES (12,6,'Conception');
INSERT INTO CONCEPT (CONCEPT_ID, CATEGORY_ID, CONCEPT_NAME) VALUES (13,7,'Qualité');
INSERT INTO CONCEPT (CONCEPT_ID, CATEGORY_ID, CONCEPT_NAME) VALUES (14,8,'Suivi');
INSERT INTO CONCEPT (CONCEPT_ID, CATEGORY_ID, CONCEPT_NAME) VALUES (15,8,'Gestion');
INSERT INTO CONCEPT (CONCEPT_ID, CATEGORY_ID, CONCEPT_NAME) VALUES (16,9,'Suivi');
INSERT INTO CONCEPT (CONCEPT_ID, CATEGORY_ID, CONCEPT_NAME) VALUES (17,9,'Gestion');
-- SEQUENCE UPDATE   --
DROP SEQUENCE SEQCONCEPT;
CREATE SEQUENCE SEQCONCEPT MINVALUE 1 MAXVALUE 999999 INCREMENT BY 1 START WITH 18 NOCACHE;

---------------------------
--    PROFILE     --
---------------------------
INSERT INTO PROFILE (PROFILE_ID, PROFILE_TYPE) VALUES (1,'Développeur');
INSERT INTO PROFILE (PROFILE_ID, PROFILE_TYPE) VALUES (2,'Fonctionnel');
INSERT INTO PROFILE (PROFILE_ID, PROFILE_TYPE) VALUES (3,'Chef de Projet');
INSERT INTO PROFILE (PROFILE_ID, PROFILE_TYPE) VALUES (4,'Architecte Technique');
INSERT INTO PROFILE (PROFILE_ID, PROFILE_TYPE) VALUES (5,'Architecte Fonct.');
INSERT INTO PROFILE (PROFILE_ID, PROFILE_TYPE) VALUES (6,'Testeur');
-- SEQUENCE UPDATE   --
DROP SEQUENCE SEQPROFILE;
CREATE SEQUENCE SEQPROFILE MINVALUE 1 MAXVALUE 9 INCREMENT BY 1 START WITH 7 NOCACHE;

--------------------
--    MANAGER     --
--------------------
INSERT INTO MANAGER (MANAGER_ID, PROFILE_ID, LAST_NAME, FIRST_NAME, EMAIL, PHONE, EMPLOYMENT_DATE, EXPERIENCE, BUSINESS_ENGINEER) 
VALUES (1,6,'MARIE-SAINTE','Jean-Max','j.marie-sainte@novediagroup.com',102030405,'23/04/2010',7,'Julie VIGNERON');
INSERT INTO MANAGER (MANAGER_ID, PROFILE_ID, LAST_NAME, FIRST_NAME, EMAIL, PHONE, EMPLOYMENT_DATE, EXPERIENCE, BUSINESS_ENGINEER) 
VALUES (2,2,'GERME','Kelly','k.germe@novediagroup.com',102030405,'23/04/2010',11,'Renaud MIGNE');
INSERT INTO MANAGER (MANAGER_ID, PROFILE_ID, LAST_NAME, FIRST_NAME, EMAIL, PHONE, EMPLOYMENT_DATE, EXPERIENCE, BUSINESS_ENGINEER) 
VALUES (3,1,'BONVOISIN','Sébastien','s.bonvoisin@novediagroup.com',102030405,'23/04/2010',8,'Deborah ATTIAS');
INSERT INTO MANAGER (MANAGER_ID, PROFILE_ID, LAST_NAME, FIRST_NAME, EMAIL, PHONE, EMPLOYMENT_DATE, EXPERIENCE, BUSINESS_ENGINEER) 
VALUES (4,4,'BRULATOUT','Eric','e.brulatout@novediagroup.com',102030405,'23/04/2010',9,'Renaud MIGNE');
INSERT INTO MANAGER (MANAGER_ID, PROFILE_ID, LAST_NAME, FIRST_NAME, EMAIL, PHONE, EMPLOYMENT_DATE, EXPERIENCE, BUSINESS_ENGINEER) 
VALUES (5,1,'ACKERMANN','Bruno','b.ackermann@novediagroup.com',102030405,'23/04/2010',12,'Renaud MIGNE');
INSERT INTO MANAGER (MANAGER_ID, PROFILE_ID, LAST_NAME, FIRST_NAME, EMAIL, PHONE, EMPLOYMENT_DATE, EXPERIENCE, BUSINESS_ENGINEER) 
VALUES (6,6,'DANTO','Fanny','f.danto@novedia-solutions.com',102030405,'23/04/2010',5,'Julie VIGNERON');
INSERT INTO MANAGER (MANAGER_ID, PROFILE_ID, LAST_NAME, FIRST_NAME, EMAIL, PHONE, EMPLOYMENT_DATE, EXPERIENCE, BUSINESS_ENGINEER) 
VALUES (7,1,'DEJONGHE','Xavier','x.dejonghe@novedia-solutions.com',102030405,'23/04/2010',6,'Julie VIGNERON');
-- SEQUENCE UPDATE   --
DROP SEQUENCE SEQMANAGER;
CREATE SEQUENCE SEQMANAGER MINVALUE 1 MAXVALUE 999999 INCREMENT BY 1 START WITH 8 NOCACHE;

---------------------------
--    COLLEAGUE		     --
---------------------------
INSERT INTO COLLEAGUE (COLLEAGUE_ID, MANAGER_ID   , PROFILE_ID    , LAST_NAME    , FIRST_NAME   , EMAIL        , PHONE        , EMPLOYMENT_DATE, EXPERIENCE, B_ENGINEER_ID)	VALUES (1,1,5,'COLLET','Julien','j.collet@novedia-solution.com','102030405','23/04/2010',1,5);
INSERT INTO COLLEAGUE (COLLEAGUE_ID, MANAGER_ID   , PROFILE_ID    , LAST_NAME    , FIRST_NAME   , EMAIL        , PHONE        , EMPLOYMENT_DATE, EXPERIENCE, B_ENGINEER_ID)	VALUES (2,1,4,'MOUMBE','Elisé','e.moumbe@novedia-solution.com','','23/04/2010',2,3);
INSERT INTO COLLEAGUE (COLLEAGUE_ID, MANAGER_ID   , PROFILE_ID    , LAST_NAME    , FIRST_NAME   , EMAIL        , PHONE        , EMPLOYMENT_DATE, EXPERIENCE, B_ENGINEER_ID)	VALUES (3,3,4,'GUILLEMAIN','Vanessa','v.guillemain@novedia-solution.com','102030425','23/04/2010',3,4);
INSERT INTO COLLEAGUE (COLLEAGUE_ID, MANAGER_ID   , PROFILE_ID    , LAST_NAME    , FIRST_NAME   , EMAIL        , PHONE        , EMPLOYMENT_DATE, EXPERIENCE, B_ENGINEER_ID)	VALUES (4,3,5,'CHAUVIE','Olivier','o.chauvie@novedia-solution.com','102030435','23/04/2010',8,5);
INSERT INTO COLLEAGUE (COLLEAGUE_ID, MANAGER_ID   , PROFILE_ID    , LAST_NAME    , FIRST_NAME   , EMAIL        , PHONE        , EMPLOYMENT_DATE, EXPERIENCE, B_ENGINEER_ID)	VALUES (5,4,5,'BRULATOUT','Eric','e.brulatout@novedia-solution.com','102030445','23/04/2010',7,3);
INSERT INTO COLLEAGUE (COLLEAGUE_ID, MANAGER_ID   , PROFILE_ID    , LAST_NAME    , FIRST_NAME   , EMAIL        , PHONE        , EMPLOYMENT_DATE, EXPERIENCE, B_ENGINEER_ID)	VALUES (6,2,1,'CAUMARTIN','Régine','r.caumartin@novedia-solution.com','102030455','23/04/2010',6,4);
INSERT INTO COLLEAGUE (COLLEAGUE_ID, MANAGER_ID   , PROFILE_ID    , LAST_NAME    , FIRST_NAME   , EMAIL        , PHONE        , EMPLOYMENT_DATE, EXPERIENCE, B_ENGINEER_ID)	VALUES (7,2,5,'ANGLADE','Mathias','m.anglade@novedia-solution.com','102030465','23/04/2010',2,5);
INSERT INTO COLLEAGUE (COLLEAGUE_ID, MANAGER_ID   , PROFILE_ID    , LAST_NAME    , FIRST_NAME   , EMAIL        , PHONE        , EMPLOYMENT_DATE, EXPERIENCE, B_ENGINEER_ID)	VALUES (8,2,6,'THAI','Shien-Haur','s.thai@novedia-solution.com','102030475','23/04/2010',4,3);
INSERT INTO COLLEAGUE (COLLEAGUE_ID, MANAGER_ID   , PROFILE_ID    , LAST_NAME    , FIRST_NAME   , EMAIL        , PHONE        , EMPLOYMENT_DATE, EXPERIENCE, B_ENGINEER_ID)	VALUES (9,4,5,'EYCHENNE','Patrick','p.eychenne@novedia-solution.com','102030485','23/04/2010',6,4);
INSERT INTO COLLEAGUE (COLLEAGUE_ID, MANAGER_ID   , PROFILE_ID    , LAST_NAME    , FIRST_NAME   , EMAIL        , PHONE        , EMPLOYMENT_DATE, EXPERIENCE, B_ENGINEER_ID)	VALUES (10,5,6,'ROBIN','Murielle','m.robin@novedia-solution.com','102030495','23/04/2010',5,5);
INSERT INTO COLLEAGUE (COLLEAGUE_ID, MANAGER_ID   , PROFILE_ID    , LAST_NAME    , FIRST_NAME   , EMAIL        , PHONE        , EMPLOYMENT_DATE, EXPERIENCE, B_ENGINEER_ID)	VALUES (11,5,3,'RAVINE','Sandrine','s.ravine@novedia-solution.com','102030505','23/04/2010',7,3);
INSERT INTO COLLEAGUE (COLLEAGUE_ID, MANAGER_ID   , PROFILE_ID    , LAST_NAME    , FIRST_NAME   , EMAIL        , PHONE        , EMPLOYMENT_DATE, EXPERIENCE, B_ENGINEER_ID)	VALUES (12,6,6,'LOET','Sylvie','s.loet@novedia-solution.com','102030515','23/04/2010',9,5);
INSERT INTO COLLEAGUE (COLLEAGUE_ID, MANAGER_ID   , PROFILE_ID    , LAST_NAME    , FIRST_NAME   , EMAIL        , PHONE        , EMPLOYMENT_DATE, EXPERIENCE, B_ENGINEER_ID)	VALUES (13,1,1,'BERTON','Alexandre ','a.berton@novedia-solutions.com','102030525','23/04/2010',1,5);
INSERT INTO COLLEAGUE (COLLEAGUE_ID, MANAGER_ID   , PROFILE_ID    , LAST_NAME    , FIRST_NAME   , EMAIL        , PHONE        , EMPLOYMENT_DATE, EXPERIENCE, B_ENGINEER_ID)	VALUES (14,1,4,'BOUDICH','Karim','k.boudich@novedia-solutions.com','102030535','23/04/2010',2,3);
INSERT INTO COLLEAGUE (COLLEAGUE_ID, MANAGER_ID   , PROFILE_ID    , LAST_NAME    , FIRST_NAME   , EMAIL        , PHONE        , EMPLOYMENT_DATE, EXPERIENCE, B_ENGINEER_ID)	VALUES (15,3,2,'CHEVALIER','Isabelle','i.chevalier@novedia-solutions.com','102030545','23/04/2010',3,4);
INSERT INTO COLLEAGUE (COLLEAGUE_ID, MANAGER_ID   , PROFILE_ID    , LAST_NAME    , FIRST_NAME   , EMAIL        , PHONE        , EMPLOYMENT_DATE, EXPERIENCE, B_ENGINEER_ID)	VALUES (16,5,4,'GALOT','Anne-lise','al.galot@novedia-solutions.com','102030555','23/04/2010',8,5);
INSERT INTO COLLEAGUE (COLLEAGUE_ID, MANAGER_ID   , PROFILE_ID    , LAST_NAME    , FIRST_NAME   , EMAIL        , PHONE        , EMPLOYMENT_DATE, EXPERIENCE, B_ENGINEER_ID)	VALUES (17,4,2,'FAUQUEMBERGUE','Eric','e.fauquembergue@novedia-solutions.com','102030565','23/04/2010',7,3);
INSERT INTO COLLEAGUE (COLLEAGUE_ID, MANAGER_ID   , PROFILE_ID    , LAST_NAME    , FIRST_NAME   , EMAIL        , PHONE        , EMPLOYMENT_DATE, EXPERIENCE, B_ENGINEER_ID)	VALUES (18,1,6,'GERMOND','Sébastien','s.germond@novedia-solutions.com','102030575','23/04/2010',6,4);
INSERT INTO COLLEAGUE (COLLEAGUE_ID, MANAGER_ID   , PROFILE_ID    , LAST_NAME    , FIRST_NAME   , EMAIL        , PHONE        , EMPLOYMENT_DATE, EXPERIENCE, B_ENGINEER_ID)	VALUES (19,7,6,'GRELIER','Vincent','v.grelier@novedia-solutions.com','102030585','23/04/2010',2,3);
INSERT INTO COLLEAGUE (COLLEAGUE_ID, MANAGER_ID   , PROFILE_ID    , LAST_NAME    , FIRST_NAME   , EMAIL        , PHONE        , EMPLOYMENT_DATE, EXPERIENCE, B_ENGINEER_ID)	VALUES (20,3,1,'LE GUENNEC','Julien','j.leguennec@novedia-solutions.com','102030595','23/04/2010',4,4);
INSERT INTO COLLEAGUE (COLLEAGUE_ID, MANAGER_ID   , PROFILE_ID    , LAST_NAME    , FIRST_NAME   , EMAIL        , PHONE        , EMPLOYMENT_DATE, EXPERIENCE, B_ENGINEER_ID)	VALUES (21,4,3,'ANDRIET','Louis','l.andriet@novedia-solutions.com','102030605','23/04/2010',6,5);
INSERT INTO COLLEAGUE (COLLEAGUE_ID, MANAGER_ID   , PROFILE_ID    , LAST_NAME    , FIRST_NAME   , EMAIL        , PHONE        , EMPLOYMENT_DATE, EXPERIENCE, B_ENGINEER_ID)	VALUES (22,3,5,'AVRIL','Thierry','t.avril@novedia-solutions.com','102030615','23/04/2010',5,3);
INSERT INTO COLLEAGUE (COLLEAGUE_ID, MANAGER_ID   , PROFILE_ID    , LAST_NAME    , FIRST_NAME   , EMAIL        , PHONE        , EMPLOYMENT_DATE, EXPERIENCE, B_ENGINEER_ID)	VALUES (23,1,1,'BONNEAU','Johan','j.bonneau@novedia-solutions.com','102030625','23/04/2010',7,4);
INSERT INTO COLLEAGUE (COLLEAGUE_ID, MANAGER_ID   , PROFILE_ID    , LAST_NAME    , FIRST_NAME   , EMAIL        , PHONE        , EMPLOYMENT_DATE, EXPERIENCE, B_ENGINEER_ID)	VALUES (24,7,3,'BALFIN','Guillaume','g.balfin@novedia-agency.com','102030635','23/04/2010',9,5);
INSERT INTO COLLEAGUE (COLLEAGUE_ID, MANAGER_ID   , PROFILE_ID    , LAST_NAME    , FIRST_NAME   , EMAIL        , PHONE        , EMPLOYMENT_DATE, EXPERIENCE, B_ENGINEER_ID)	VALUES (25,3,2,'BOUADJIE','Paule','p.bouadjie@novedia-solutions.com','102030645','23/04/2010',1,3);
INSERT INTO COLLEAGUE (COLLEAGUE_ID, MANAGER_ID   , PROFILE_ID    , LAST_NAME    , FIRST_NAME   , EMAIL        , PHONE        , EMPLOYMENT_DATE, EXPERIENCE, B_ENGINEER_ID)	VALUES (26,4,6,'BELMQADEM','Houda','h.belmqadem@novedia-decision.com','102030655','23/04/2010',2,5);
INSERT INTO COLLEAGUE (COLLEAGUE_ID, MANAGER_ID   , PROFILE_ID    , LAST_NAME    , FIRST_NAME   , EMAIL        , PHONE        , EMPLOYMENT_DATE, EXPERIENCE, B_ENGINEER_ID)	VALUES (27,7,5,'HENRY','Mickaël','m.henry@novedia-solutions.com','102030665','23/04/2010',3,5);
INSERT INTO COLLEAGUE (COLLEAGUE_ID, MANAGER_ID   , PROFILE_ID    , LAST_NAME    , FIRST_NAME   , EMAIL        , PHONE        , EMPLOYMENT_DATE, EXPERIENCE, B_ENGINEER_ID)	VALUES (28,3,4,'DEROUICH','Amina','a.derouich@novedia-decision.com','102030675','23/04/2010',8,3);
INSERT INTO COLLEAGUE (COLLEAGUE_ID, MANAGER_ID   , PROFILE_ID    , LAST_NAME    , FIRST_NAME   , EMAIL        , PHONE        , EMPLOYMENT_DATE, EXPERIENCE, B_ENGINEER_ID)	VALUES (29,5,1,'DREUX','Hélène','h.dreux@novedia-solutions.com','102030685','23/04/2010',7,4);
INSERT INTO COLLEAGUE (COLLEAGUE_ID, MANAGER_ID   , PROFILE_ID    , LAST_NAME    , FIRST_NAME   , EMAIL        , PHONE        , EMPLOYMENT_DATE, EXPERIENCE, B_ENGINEER_ID)	VALUES (30,6,2,'ALLIX','Erwan','e.allix@novedia-solutions.com','102030695','23/04/2010',6,5);
INSERT INTO COLLEAGUE (COLLEAGUE_ID, MANAGER_ID   , PROFILE_ID    , LAST_NAME    , FIRST_NAME   , EMAIL        , PHONE        , EMPLOYMENT_DATE, EXPERIENCE, B_ENGINEER_ID)	VALUES (31,2,1,'HUBERT','Jean-lou','j.hubert@novedia-solutions.com','102030705','23/04/2010',2,3);
INSERT INTO COLLEAGUE (COLLEAGUE_ID, MANAGER_ID   , PROFILE_ID    , LAST_NAME    , FIRST_NAME   , EMAIL        , PHONE        , EMPLOYMENT_DATE, EXPERIENCE, B_ENGINEER_ID)	VALUES (32,2,6,'PELLOT','Stéphane','s.pellot@novedia-solutions.com','102030715','23/04/2010',4,5);
INSERT INTO COLLEAGUE (COLLEAGUE_ID, MANAGER_ID   , PROFILE_ID    , LAST_NAME    , FIRST_NAME   , EMAIL        , PHONE        , EMPLOYMENT_DATE, EXPERIENCE, B_ENGINEER_ID)	VALUES (33,5,4,'MERLET','Sylvain','s.merlet@novedia-solutions.com','102030725','23/04/2010',6,5);
INSERT INTO COLLEAGUE (COLLEAGUE_ID, MANAGER_ID   , PROFILE_ID    , LAST_NAME    , FIRST_NAME   , EMAIL        , PHONE        , EMPLOYMENT_DATE, EXPERIENCE, B_ENGINEER_ID)	VALUES (34,6,1,'MAESTRACCI','Mirana','m.maestracci@novedia-solutions.com','102030735','23/04/2010',5,3);
INSERT INTO COLLEAGUE (COLLEAGUE_ID, MANAGER_ID   , PROFILE_ID    , LAST_NAME    , FIRST_NAME   , EMAIL        , PHONE        , EMPLOYMENT_DATE, EXPERIENCE, B_ENGINEER_ID)	VALUES (35,3,1,'DIBI','Véronique','v.dibi@novediagroup.com','102030745','23/04/2010',3,4);
INSERT INTO COLLEAGUE (COLLEAGUE_ID, MANAGER_ID   , PROFILE_ID    , LAST_NAME    , FIRST_NAME   , EMAIL        , PHONE        , EMPLOYMENT_DATE, EXPERIENCE, B_ENGINEER_ID)	VALUES (36,5,3,'MARIE-SAINTE','Jean-Max','j.marie-sainte@novediagroup.com','102030755','23/04/2010',3,4);
-- SEQUENCE UPDATE   --
DROP SEQUENCE SEQCOLLEAGUE;
CREATE SEQUENCE SEQCOLLEAGUE MINVALUE 1 MAXVALUE 999999 INCREMENT BY 1 START WITH 37 NOCACHE;

------------------
--    SKILL     --
------------------
INSERT INTO SKILL (COLLEAGUE_ID, TOOL_ID, USE_FREQUENCY, NO_USING_TIME, SCORE) VALUES (2,1,3,1,5);
INSERT INTO SKILL (COLLEAGUE_ID, TOOL_ID, USE_FREQUENCY, NO_USING_TIME, SCORE) VALUES (2,2,3,3,5);
INSERT INTO SKILL (COLLEAGUE_ID, TOOL_ID, USE_FREQUENCY, NO_USING_TIME, SCORE) VALUES (2,3,1,2,4);
INSERT INTO SKILL (COLLEAGUE_ID, TOOL_ID, USE_FREQUENCY, NO_USING_TIME, SCORE) VALUES (2,3,1,2,4);
INSERT INTO SKILL (COLLEAGUE_ID, TOOL_ID, USE_FREQUENCY, NO_USING_TIME, SCORE) VALUES (2,4,3,2,4);
INSERT INTO SKILL (COLLEAGUE_ID, TOOL_ID, USE_FREQUENCY, NO_USING_TIME, SCORE) VALUES (2,5,3,3,5);
INSERT INTO SKILL (COLLEAGUE_ID, TOOL_ID, USE_FREQUENCY, NO_USING_TIME, SCORE) VALUES (2,6,1,3,3);
INSERT INTO SKILL (COLLEAGUE_ID, TOOL_ID, USE_FREQUENCY, NO_USING_TIME, SCORE) VALUES (2,7,3,3,5);
INSERT INTO SKILL (COLLEAGUE_ID, TOOL_ID, USE_FREQUENCY, NO_USING_TIME, SCORE) VALUES (2,12,1,2,5);
INSERT INTO SKILL (COLLEAGUE_ID, TOOL_ID, USE_FREQUENCY, NO_USING_TIME, SCORE) VALUES (2,13,1,2,4);
INSERT INTO SKILL (COLLEAGUE_ID, TOOL_ID, USE_FREQUENCY, NO_USING_TIME, SCORE) VALUES (2,13,1,2,4);
INSERT INTO SKILL (COLLEAGUE_ID, TOOL_ID, USE_FREQUENCY, NO_USING_TIME, SCORE) VALUES (2,13,1,2,4);
INSERT INTO SKILL (COLLEAGUE_ID, TOOL_ID, USE_FREQUENCY, NO_USING_TIME, SCORE) VALUES (2,14,1,1,3);
INSERT INTO SKILL (COLLEAGUE_ID, TOOL_ID, USE_FREQUENCY, NO_USING_TIME, SCORE) VALUES (2,15,1,5,2);
INSERT INTO SKILL (COLLEAGUE_ID, TOOL_ID, USE_FREQUENCY, NO_USING_TIME, SCORE) VALUES (2,17,3,4,4);
INSERT INTO SKILL (COLLEAGUE_ID, TOOL_ID, USE_FREQUENCY, NO_USING_TIME, SCORE) VALUES (2,20,3,3,5);
INSERT INTO SKILL (COLLEAGUE_ID, TOOL_ID, USE_FREQUENCY, NO_USING_TIME, SCORE) VALUES (2,30,3,3,5);
INSERT INTO SKILL (COLLEAGUE_ID, TOOL_ID, USE_FREQUENCY, NO_USING_TIME, SCORE) VALUES (2,35,3,3,4);
INSERT INTO SKILL (COLLEAGUE_ID, TOOL_ID, USE_FREQUENCY, NO_USING_TIME, SCORE) VALUES (2,37,3,2,3);
INSERT INTO SKILL (COLLEAGUE_ID, TOOL_ID, USE_FREQUENCY, NO_USING_TIME, SCORE) VALUES (2,38,1,1,4);
INSERT INTO SKILL (COLLEAGUE_ID, TOOL_ID, USE_FREQUENCY, NO_USING_TIME, SCORE) VALUES (2,50,2,2,4);

--------------------
--    MISSION     --
---------------------
INSERT INTO MISSION (MISSION_ID, COLLEAGUE_ID, TITLE, PLACE, CLIENT_ID, NOTES, START_DATE, END_DATE) VALUES (1,20,'Moteur de recherche','Lille',1,'','26/2/2008','24/12/2012');
INSERT INTO MISSION (MISSION_ID, COLLEAGUE_ID, TITLE, PLACE, CLIENT_ID, NOTES, START_DATE, END_DATE) VALUES (2,17,'Publications','Grenoble',1,'','11/1/2005','1/1/2012');
INSERT INTO MISSION (MISSION_ID, COLLEAGUE_ID, TITLE, PLACE, CLIENT_ID, NOTES, START_DATE, END_DATE) VALUES (3,1,'Statistiques de pannes','New-York',2,'','26/5/2006','13/5/2012');
INSERT INTO MISSION (MISSION_ID, COLLEAGUE_ID, TITLE, PLACE, CLIENT_ID, NOTES, START_DATE, END_DATE) VALUES (4,13,'Moteur de recherche','Boulogne',3,'','25/4/2004','17/11/2009');
INSERT INTO MISSION (MISSION_ID, COLLEAGUE_ID, TITLE, PLACE, CLIENT_ID, NOTES, START_DATE, END_DATE) VALUES (5,17,'Site intranet','San Francisco',1,'','2/6/2003','8/7/2010');
INSERT INTO MISSION (MISSION_ID, COLLEAGUE_ID, TITLE, PLACE, CLIENT_ID, NOTES, START_DATE, END_DATE) VALUES (6,6,'Recherche Et Developpement','Londres',4,'','10/11/2009','16/10/2012');
INSERT INTO MISSION (MISSION_ID, COLLEAGUE_ID, TITLE, PLACE, CLIENT_ID, NOTES, START_DATE, END_DATE) VALUES (7,19,'Moteur de recherche','Paris',5,'','23/10/2004','26/5/2011');
INSERT INTO MISSION (MISSION_ID, COLLEAGUE_ID, TITLE, PLACE, CLIENT_ID, NOTES, START_DATE, END_DATE) VALUES (8,26,'Gestion des forces de vente','Grenoble',1,'','3/2/2005','26/5/2011');
INSERT INTO MISSION (MISSION_ID, COLLEAGUE_ID, TITLE, PLACE, CLIENT_ID, NOTES, START_DATE, END_DATE) VALUES (9,25,'Site intranet','Belgique',4,'','8/11/2003','8/9/2010');
INSERT INTO MISSION (MISSION_ID, COLLEAGUE_ID, TITLE, PLACE, CLIENT_ID, NOTES, START_DATE, END_DATE) VALUES (10,33,'Statistiques de pannes','Belgique',2,'','19/6/1999','2/10/2009');
INSERT INTO MISSION (MISSION_ID, COLLEAGUE_ID, TITLE, PLACE, CLIENT_ID, NOTES, START_DATE, END_DATE) VALUES (11,28,'Statistiques de ventes','San Francisco',6,'','5/12/2003','21/12/2009');
INSERT INTO MISSION (MISSION_ID, COLLEAGUE_ID, TITLE, PLACE, CLIENT_ID, NOTES, START_DATE, END_DATE) VALUES (12,6,'Base de collecte de votes','Grenoble',2,'','8/7/2003','4/2/2011');
INSERT INTO MISSION (MISSION_ID, COLLEAGUE_ID, TITLE, PLACE, CLIENT_ID, NOTES, START_DATE, END_DATE) VALUES (13,28,'Gestion des forces de vente','Londres',7,'','26/11/2002','3/5/2009');
INSERT INTO MISSION (MISSION_ID, COLLEAGUE_ID, TITLE, PLACE, CLIENT_ID, NOTES, START_DATE, END_DATE) VALUES (14,32,'Site intranet','Nice',8,'','13/12/1999','4/4/2009');
INSERT INTO MISSION (MISSION_ID, COLLEAGUE_ID, TITLE, PLACE, CLIENT_ID, NOTES, START_DATE, END_DATE) VALUES (15,10,'Application embarquée','Saint-Denis',9,'','21/9/1998','15/2/2012');
INSERT INTO MISSION (MISSION_ID, COLLEAGUE_ID, TITLE, PLACE, CLIENT_ID, NOTES, START_DATE, END_DATE) VALUES (16,34,'Statistiques de pannes','Marseille',3,'','11/1/2003','12/7/2011');
INSERT INTO MISSION (MISSION_ID, COLLEAGUE_ID, TITLE, PLACE, CLIENT_ID, NOTES, START_DATE, END_DATE) VALUES (17,5,'Gestion des forces de vente','Londres',10,'','17/8/2003','11/9/2010');
INSERT INTO MISSION (MISSION_ID, COLLEAGUE_ID, TITLE, PLACE, CLIENT_ID, NOTES, START_DATE, END_DATE) VALUES (18,6,'IHM de paramétrie','Londres',3,'','4/5/2009','7/7/2010');
INSERT INTO MISSION (MISSION_ID, COLLEAGUE_ID, TITLE, PLACE, CLIENT_ID, NOTES, START_DATE, END_DATE) VALUES (19,15,'Application embarquée','Lyon',9,'','24/6/2008','12/4/2010');
INSERT INTO MISSION (MISSION_ID, COLLEAGUE_ID, TITLE, PLACE, CLIENT_ID, NOTES, START_DATE, END_DATE) VALUES (20,9,'Site intranet','Lyon',11,'','2/1/2000','24/12/2010');
INSERT INTO MISSION (MISSION_ID, COLLEAGUE_ID, TITLE, PLACE, CLIENT_ID, NOTES, START_DATE, END_DATE) VALUES (21,7,'Publications','Lyon',10,'','3/5/2001','22/8/2009');
INSERT INTO MISSION (MISSION_ID, COLLEAGUE_ID, TITLE, PLACE, CLIENT_ID, NOTES, START_DATE, END_DATE) VALUES (22,11,'Publications','San Francisco',6,'','11/11/2003','23/3/2011');
INSERT INTO MISSION (MISSION_ID, COLLEAGUE_ID, TITLE, PLACE, CLIENT_ID, NOTES, START_DATE, END_DATE) VALUES (23,6,'Site intranet','Toulouse',2,'','3/5/2004','26/9/2011');
INSERT INTO MISSION (MISSION_ID, COLLEAGUE_ID, TITLE, PLACE, CLIENT_ID, NOTES, START_DATE, END_DATE) VALUES (24,24,'IHM de paramétrie','Boulogne',8,'','1/1/2005','7/12/2010');
INSERT INTO MISSION (MISSION_ID, COLLEAGUE_ID, TITLE, PLACE, CLIENT_ID, NOTES, START_DATE, END_DATE) VALUES (25,14,'Application embarquée','New-York',2,'','20/9/2002','11/2/2011');
-- SEQUENCE UPDATE   --
DROP SEQUENCE SEQMISSION;
CREATE SEQUENCE SEQMISSION MINVALUE 1 MAXVALUE 999999 INCREMENT BY 1 START WITH 26 NOCACHE;

---------------------------
--    AUTHENTICATION   --
---------------------------
INSERT INTO AUTHENTICATION (AUTHENTICATION_ID, COLLEAGUE_ID, LOGIN, PASSWORD) 
VALUES (1,35,'v.dibi','c5e4db5cdd9eab069af1a40beb99ca10');
INSERT INTO AUTHENTICATION (AUTHENTICATION_ID, COLLEAGUE_ID, LOGIN, PASSWORD) 
VALUES (2,36,'j.marie-sainte','3e831076a4beb3543ce9822aef6b8d52');
-- SEQUENCE UPDATE   --
DROP SEQUENCE SEQAUTH;
CREATE SEQUENCE SEQAUTH MINVALUE 1 MAXVALUE 999999 INCREMENT BY 1 START WITH 3 NOCACHE;

---------------------------
--    BUSINESS_ENGINEER  --
---------------------------
INSERT INTO BUSINESS_ENGINEER (B_ENGINEER_ID, FIRSTNAME, LASTNAME, BUSINESS_UNIT)	VALUES (1,'David','HAYEK','Banque/Finance');
INSERT INTO BUSINESS_ENGINEER (B_ENGINEER_ID, FIRSTNAME, LASTNAME, BUSINESS_UNIT)	VALUES (2,'Pierre-Yves','ETOURNEAU','Media');
INSERT INTO BUSINESS_ENGINEER (B_ENGINEER_ID, FIRSTNAME, LASTNAME, BUSINESS_UNIT)	VALUES (3,'Julie VIGNERON','Industrie');
INSERT INTO BUSINESS_ENGINEER (B_ENGINEER_ID, FIRSTNAME, LASTNAME, BUSINESS_UNIT)	VALUES (4,'Déborah ATTIAS','Tourisme');
INSERT INTO BUSINESS_ENGINEER (B_ENGINEER_ID, FIRSTNAME, LASTNAME, BUSINESS_UNIT)	VALUES (5,'Renaud MIGNE','BI');
INSERT INTO BUSINESS_ENGINEER (B_ENGINEER_ID, FIRSTNAME, LASTNAME, BUSINESS_UNIT)	VALUES (6,'Colombe','TRAMOND','Services');

-- SEQUENCE UPDATE   --
DROP SEQUENCE SEQBUSINESS_ENGINEER;
CREATE SEQUENCE SEQBUSINESS_ENGINEER MINVALUE 1 MAXVALUE 999999 INCREMENT BY 1 START WITH 8 NOCACHE;

---------------------------
--    CLIENT  --
---------------------------
INSERT INTO CLIENT (CLIENT_ID,CLIENT_NAME) VALUES ('1','Orange');
INSERT INTO CLIENT (CLIENT_ID,CLIENT_NAME) VALUES ('2','Air France');
INSERT INTO CLIENT (CLIENT_ID,CLIENT_NAME) VALUES ('3','PSA');
INSERT INTO CLIENT (CLIENT_ID,CLIENT_NAME) VALUES ('4','Canal+');
INSERT INTO CLIENT (CLIENT_ID,CLIENT_NAME) VALUES ('5','Intent');
INSERT INTO CLIENT (CLIENT_ID,CLIENT_NAME) VALUES ('6','Total');
INSERT INTO CLIENT (CLIENT_ID,CLIENT_NAME) VALUES ('7','Mattel');
INSERT INTO CLIENT (CLIENT_ID,CLIENT_NAME) VALUES ('8','NavBoard');
INSERT INTO CLIENT (CLIENT_ID,CLIENT_NAME) VALUES ('9','Citroen');
INSERT INTO CLIENT (CLIENT_ID,CLIENT_NAME) VALUES ('10','France Télécom');
INSERT INTO CLIENT (CLIENT_ID,CLIENT_NAME) VALUES ('11','Hermès');
-- SEQUENCE UPDATE   --
DROP SEQUENCE SEQCLIENT;
CREATE SEQUENCE SEQCLIENT MINVALUE 1 MAXVALUE 999999 INCREMENT BY 1 START WITH 12 NOCACHE;

-----------------
--    TOOL     --
-----------------
INSERT INTO TOOL (TOOL_ID, CONCEPT_ID, TOOL_NAME) VALUES (1,1,'Google Guice');
INSERT INTO TOOL (TOOL_ID, CONCEPT_ID, TOOL_NAME) VALUES (2,1,'PicoContainer');
INSERT INTO TOOL (TOOL_ID, CONCEPT_ID, TOOL_NAME) VALUES (3,1,'Spring');
INSERT INTO TOOL (TOOL_ID, CONCEPT_ID, TOOL_NAME) VALUES (4,2,'Hibernate');
INSERT INTO TOOL (TOOL_ID, CONCEPT_ID, TOOL_NAME) VALUES (5,2,'iBATIS');
INSERT INTO TOOL (TOOL_ID, CONCEPT_ID, TOOL_NAME) VALUES (6,2,'jOOQ');
INSERT INTO TOOL (TOOL_ID, CONCEPT_ID, TOOL_NAME) VALUES (7,3,'Castel Windsor');
INSERT INTO TOOL (TOOL_ID, CONCEPT_ID, TOOL_NAME) VALUES (8,3,'StructureMap');
INSERT INTO TOOL (TOOL_ID, CONCEPT_ID, TOOL_NAME) VALUES (9,3,'Spring.NET');
INSERT INTO TOOL (TOOL_ID, CONCEPT_ID, TOOL_NAME) VALUES (10,3,'Autofac');
INSERT INTO TOOL (TOOL_ID, CONCEPT_ID, TOOL_NAME) VALUES (11,3,'Unity');
INSERT INTO TOOL (TOOL_ID, CONCEPT_ID, TOOL_NAME) VALUES (12,3,'Puzzle.Nfactory');
INSERT INTO TOOL (TOOL_ID, CONCEPT_ID, TOOL_NAME) VALUES (13,3,'Ninject');
INSERT INTO TOOL (TOOL_ID, CONCEPT_ID, TOOL_NAME) VALUES (14,3,'S2Container.NET');
INSERT INTO TOOL (TOOL_ID, CONCEPT_ID, TOOL_NAME) VALUES (15,3,'PicoContainer.NET');
INSERT INTO TOOL (TOOL_ID, CONCEPT_ID, TOOL_NAME) VALUES (16,3,'LinFu');
INSERT INTO TOOL (TOOL_ID, CONCEPT_ID, TOOL_NAME) VALUES (17,4,'Microsoft ADO.NET');
INSERT INTO TOOL (TOOL_ID, CONCEPT_ID, TOOL_NAME) VALUES (18,4,'Microsoft Enterprise Library');
INSERT INTO TOOL (TOOL_ID, CONCEPT_ID, TOOL_NAME) VALUES (19,4,'CustomORM');
INSERT INTO TOOL (TOOL_ID, CONCEPT_ID, TOOL_NAME) VALUES (20,5,'Doctrine');
INSERT INTO TOOL (TOOL_ID, CONCEPT_ID, TOOL_NAME) VALUES (21,5,'Propel');
INSERT INTO TOOL (TOOL_ID, CONCEPT_ID, TOOL_NAME) VALUES (22,5,'PHPMyObject');
INSERT INTO TOOL (TOOL_ID, CONCEPT_ID, TOOL_NAME) VALUES (23,5,'JDAO ');
INSERT INTO TOOL (TOOL_ID, CONCEPT_ID, TOOL_NAME) VALUES (24,6,'Drip');
INSERT INTO TOOL (TOOL_ID, CONCEPT_ID, TOOL_NAME) VALUES (25,6,'Garden');
INSERT INTO TOOL (TOOL_ID, CONCEPT_ID, TOOL_NAME) VALUES (26,6,'Solar');
INSERT INTO TOOL (TOOL_ID, CONCEPT_ID, TOOL_NAME) VALUES (27,6,'Phemto');
INSERT INTO TOOL (TOOL_ID, CONCEPT_ID, TOOL_NAME) VALUES (28,6,'Seasar');
INSERT INTO TOOL (TOOL_ID, CONCEPT_ID, TOOL_NAME) VALUES (29,6,'ClawPHP');
INSERT INTO TOOL (TOOL_ID, CONCEPT_ID, TOOL_NAME) VALUES (30,6,'WACT');
INSERT INTO TOOL (TOOL_ID, CONCEPT_ID, TOOL_NAME) VALUES (31,7,'Windsor');
INSERT INTO TOOL (TOOL_ID, CONCEPT_ID, TOOL_NAME) VALUES (32,8,'Nhibernate');
INSERT INTO TOOL (TOOL_ID, CONCEPT_ID, TOOL_NAME) VALUES (33,8,'Subsoniq');
INSERT INTO TOOL (TOOL_ID, CONCEPT_ID, TOOL_NAME) VALUES (34,8,'Castle ActiveRecord');
INSERT INTO TOOL (TOOL_ID, CONCEPT_ID, TOOL_NAME) VALUES (35,8,'NH');
INSERT INTO TOOL (TOOL_ID, CONCEPT_ID, TOOL_NAME) VALUES (36,8,'EF');
INSERT INTO TOOL (TOOL_ID, CONCEPT_ID, TOOL_NAME) VALUES (37,8,'LLBLGenPro');
INSERT INTO TOOL (TOOL_ID, CONCEPT_ID, TOOL_NAME) VALUES (38,9,'SQL');
INSERT INTO TOOL (TOOL_ID, CONCEPT_ID, TOOL_NAME) VALUES (39,9,'DB2');
INSERT INTO TOOL (TOOL_ID, CONCEPT_ID, TOOL_NAME) VALUES (40,9,'IBM Informix ');
INSERT INTO TOOL (TOOL_ID, CONCEPT_ID, TOOL_NAME) VALUES (41,9,'IBM Cloudscape ');
INSERT INTO TOOL (TOOL_ID, CONCEPT_ID, TOOL_NAME) VALUES (42,9,'SQL Server');
INSERT INTO TOOL (TOOL_ID, CONCEPT_ID, TOOL_NAME) VALUES (43,9,'Access');
INSERT INTO TOOL (TOOL_ID, CONCEPT_ID, TOOL_NAME) VALUES (44,9,'Oracle');
INSERT INTO TOOL (TOOL_ID, CONCEPT_ID, TOOL_NAME) VALUES (45,9,'Hyperion EssBase');
INSERT INTO TOOL (TOOL_ID, CONCEPT_ID, TOOL_NAME) VALUES (46,9,'MySQL');
INSERT INTO TOOL (TOOL_ID, CONCEPT_ID, TOOL_NAME) VALUES (47,9,'Java DB');
INSERT INTO TOOL (TOOL_ID, CONCEPT_ID, TOOL_NAME) VALUES (48,9,'PostgreSQL');
INSERT INTO TOOL (TOOL_ID, CONCEPT_ID, TOOL_NAME) VALUES (49,9,'Sybase');
INSERT INTO TOOL (TOOL_ID, CONCEPT_ID, TOOL_NAME) VALUES (50,9,'SQLite');
INSERT INTO TOOL (TOOL_ID, CONCEPT_ID, TOOL_NAME) VALUES (51,12,'ALM');
INSERT INTO TOOL (TOOL_ID, CONCEPT_ID, TOOL_NAME) VALUES (52,12,'UML');
INSERT INTO TOOL (TOOL_ID, CONCEPT_ID, TOOL_NAME) VALUES (53,12,'Merise');
INSERT INTO TOOL (TOOL_ID, CONCEPT_ID, TOOL_NAME) VALUES (54,10,'Junit');
INSERT INTO TOOL (TOOL_ID, CONCEPT_ID, TOOL_NAME) VALUES (55,11,'Nunit');
INSERT INTO TOOL (TOOL_ID, CONCEPT_ID, TOOL_NAME) VALUES (56,13,'Sonar');
INSERT INTO TOOL (TOOL_ID, CONCEPT_ID, TOOL_NAME) VALUES (57,14,'Word');
INSERT INTO TOOL (TOOL_ID, CONCEPT_ID, TOOL_NAME) VALUES (58,14,'Excel');
INSERT INTO TOOL (TOOL_ID, CONCEPT_ID, TOOL_NAME) VALUES (59,15,'Icalendar');
INSERT INTO TOOL (TOOL_ID, CONCEPT_ID, TOOL_NAME) VALUES (60,15,'Evernote');
INSERT INTO TOOL (TOOL_ID, CONCEPT_ID, TOOL_NAME) VALUES (61,16,'Notepad++');
INSERT INTO TOOL (TOOL_ID, CONCEPT_ID, TOOL_NAME) VALUES (62,16,'BlocNote');
INSERT INTO TOOL (TOOL_ID, CONCEPT_ID, TOOL_NAME) VALUES (63,17,'Agenda Lite');
INSERT INTO TOOL (TOOL_ID, CONCEPT_ID, TOOL_NAME) VALUES (64,17,'LockCalendar ');
-- SEQUENCE UPDATE   --
DROP SEQUENCE SEQTOOL;
CREATE SEQUENCE SEQTOOL MINVALUE 1 MAXVALUE 999999 INCREMENT BY 1 START WITH 65 NOCACHE;

COMMIT;